id,first_name,last_name,email,gender,ip_address
1,Gaspard,Cahalin,gcahalin0@gmpg.org,Male,65.140.45.194
2,Nate,Tedman,ntedman1@clickbank.net,Male,129.154.78.135
3,Hesther,Frid,hfrid2@skyrock.com,Female,239.126.11.29
4,Fonsie,Challenor,fchallenor3@odnoklassniki.ru,Male,102.169.31.29
5,Augusto,Rolinson,arolinson4@hugedomains.com,Male,39.25.211.159
6,Ingeborg,Gregolotti,igregolotti5@microsoft.com,Female,52.186.200.69
7,Efrem,Reap,ereap6@wp.com,Male,181.167.139.28
8,Ferd,Ilbert,filbert7@exblog.jp,Male,37.143.64.47
9,Rog,Cruden,rcruden8@aol.com,Male,15.221.31.169
10,Wenonah,Debling,wdebling9@ca.gov,Female,164.9.252.1
11,Reba,Tisor,rtisora@about.com,Female,165.80.226.5
12,Ennis,D'Aeth,edaethb@zimbio.com,Male,186.255.166.31
13,Curtice,Poetz,cpoetzc@vkontakte.ru,Male,5.153.250.96
14,Kerry,McGeachie,kmcgeachied@prlog.org,Male,79.112.206.74
15,Fanchette,Crippin,fcrippine@arstechnica.com,Genderqueer,192.36.20.125
16,Cordula,Trodd,ctroddf@yandex.ru,Female,76.61.3.73
17,Rowney,Jarley,rjarleyg@alexa.com,Male,201.244.18.231
18,Antonino,Antognoni,aantognonih@reddit.com,Male,47.12.195.81
19,Erny,Nolda,enoldai@w3.org,Male,43.174.49.88
20,Cal,Hubball,chubballj@cpanel.net,Male,28.72.159.226
21,Kalila,Pawlick,kpawlickk@baidu.com,Female,149.180.0.203
22,Ernesto,Klaesson,eklaessonl@howstuffworks.com,Genderqueer,31.128.107.24
23,Kelby,Marl,kmarlm@twitpic.com,Male,83.0.1.153
24,Annabela,Greenroad,agreenroadn@aol.com,Female,242.143.211.144
25,Tracy,Larver,tlarvero@dailymail.co.uk,Female,193.162.35.189
26,Celisse,Kirsopp,ckirsoppp@washington.edu,Female,29.249.15.250
27,Iver,Lantuff,ilantuffq@auda.org.au,Male,166.169.230.202
28,Conney,Troke,ctroker@europa.eu,Agender,156.234.74.121
29,Harvey,Brinkworth,hbrinkworths@homestead.com,Male,245.190.153.91
30,Lief,Vedekhin,lvedekhint@webeden.co.uk,Male,17.29.150.79
31,Sayres,Zettoi,szettoiu@phoca.cz,Male,6.203.220.212
32,Lambert,Bowra,lbowrav@alibaba.com,Bigender,192.99.48.162
33,Brittni,Swiffan,bswiffanw@yahoo.com,Female,246.68.197.28
34,Cora,Shimmans,cshimmansx@ask.com,Female,7.216.80.70
35,Dion,Riccio,driccioy@umn.edu,Male,88.217.201.32
36,Mollee,Philott,mphilottz@usatoday.com,Female,34.228.97.254
37,Ikey,Bowman,ibowman10@foxnews.com,Male,196.250.219.220
38,Shaina,Leeuwerink,sleeuwerink11@epa.gov,Female,71.135.190.220
39,Leone,Iacobacci,liacobacci12@google.co.uk,Female,255.158.65.140
40,Elle,Chettle,echettle13@hugedomains.com,Female,60.73.124.128
41,Leela,Tomisch,ltomisch14@icq.com,Female,162.37.64.245
42,Todd,Hanse,thanse15@usa.gov,Male,175.96.87.83
43,Coralyn,Huckstepp,chuckstepp16@usgs.gov,Female,228.32.215.104
44,Ros,Fylan,rfylan17@cbsnews.com,Non-binary,9.105.120.181
45,Rance,Piatto,rpiatto18@hugedomains.com,Male,37.180.148.28
46,Benji,Kiely,bkiely19@nationalgeographic.com,Male,109.16.148.244
47,Kendricks,Northill,knorthill1a@icio.us,Male,131.88.240.20
48,Ethan,Stilly,estilly1b@amazon.co.uk,Male,31.213.167.98
49,Dave,Blaver,dblaver1c@fastcompany.com,Male,75.198.178.65
50,Alonzo,Eagell,aeagell1d@example.com,Male,124.22.125.57
51,Emile,Hryniewicz,ehryniewicz1e@geocities.jp,Polygender,206.14.14.201
52,Thaddus,Abbets,tabbets1f@shareasale.com,Male,235.84.54.116
53,Justen,Yeabsley,jyeabsley1g@cbc.ca,Male,120.177.92.20
54,Sergei,O'Connell,soconnell1h@dailymotion.com,Male,245.254.72.181
55,Karol,Volette,kvolette1i@artisteer.com,Female,157.191.41.184
56,Raina,Camelin,rcamelin1j@tamu.edu,Female,234.96.153.132
57,Anny,Ayers,aayers1k@accuweather.com,Agender,69.187.45.4
58,Zabrina,Balfe,zbalfe1l@accuweather.com,Female,254.150.206.58
59,Gawain,Grishenkov,ggrishenkov1m@seattletimes.com,Male,102.6.185.191
60,Reeta,Dufton,rdufton1n@guardian.co.uk,Female,104.172.124.4
61,Berne,Martusewicz,bmartusewicz1o@woothemes.com,Male,214.229.91.185
62,Jeniece,Balharrie,jbalharrie1p@goodreads.com,Female,139.33.129.95
63,Mei,Fellis,mfellis1q@ask.com,Female,155.68.215.18
64,Wallis,Fullylove,wfullylove1r@wp.com,Female,27.103.94.141
65,Chantalle,Curzey,ccurzey1s@tamu.edu,Non-binary,117.184.130.80
66,Daron,Ianetti,dianetti1t@sbwire.com,Female,102.148.207.93
67,Jennee,Spittall,jspittall1u@businessweek.com,Female,90.166.223.80
68,Sullivan,Townby,stownby1v@nba.com,Male,24.185.77.63
69,Jonas,Fairburn,jfairburn1w@mapquest.com,Male,57.58.188.115
70,Tommy,Maling,tmaling1x@ebay.co.uk,Female,111.80.90.228
71,Nerta,Brakespear,nbrakespear1y@canalblog.com,Female,194.161.218.180
72,Orel,Crathern,ocrathern1z@opensource.org,Female,229.23.34.78
73,Ellie,Albury,ealbury20@google.com.hk,Female,3.43.62.77
74,Demetris,Liven,dliven21@cbsnews.com,Agender,165.252.54.201
75,Harmony,Dumberrill,hdumberrill22@de.vu,Female,154.156.244.193
76,El,Fahy,efahy23@slate.com,Male,67.78.127.61
77,Ray,Coste,rcoste24@wordpress.com,Male,59.230.102.91
78,Anne-marie,Thirlwall,athirlwall25@comsenz.com,Polygender,14.181.70.141
79,Thaddeus,Reicharz,treicharz26@nydailynews.com,Male,103.105.87.179
80,Tarah,Okenden,tokenden27@nifty.com,Female,95.185.20.243
81,Erna,Schach,eschach28@bbb.org,Bigender,243.226.91.78
82,Shaughn,Suddell,ssuddell29@wsj.com,Male,41.69.160.236
83,Aldous,McKern,amckern2a@oracle.com,Male,183.7.80.80
84,Nap,Blenkharn,nblenkharn2b@rambler.ru,Male,100.59.211.215
85,Corinna,Glancey,cglancey2c@unblog.fr,Female,87.82.103.248
86,Rafa,Lambdon,rlambdon2d@vimeo.com,Female,6.74.180.198
87,Kacy,Trime,ktrime2e@soup.io,Female,219.172.139.14
88,Deloris,Kingett,dkingett2f@mozilla.org,Female,81.244.88.194
89,Pascal,MacConnell,pmacconnell2g@uol.com.br,Male,17.99.154.195
90,Felice,Kalinsky,fkalinsky2h@wordpress.com,Male,101.189.108.190
91,Dick,O'Mullally,domullally2i@ebay.com,Male,244.162.109.45
92,Grissel,Farrin,gfarrin2j@biblegateway.com,Bigender,32.215.140.41
93,Jay,Younghusband,jyounghusband2k@bloomberg.com,Male,157.48.81.130
94,Kaleb,Bruggeman,kbruggeman2l@yelp.com,Male,46.215.139.9
95,Findlay,Duerden,fduerden2m@miitbeian.gov.cn,Male,145.239.175.103
96,Anabel,Keers,akeers2n@china.com.cn,Female,95.176.194.88
97,Fulvia,Brokenshaw,fbrokenshaw2o@weebly.com,Female,72.146.189.232
98,Dallon,Tolmie,dtolmie2p@gmpg.org,Male,148.117.180.90
99,Gannon,Dampney,gdampney2q@geocities.com,Male,156.221.5.84
100,Wilow,Wass,wwass2r@intel.com,Female,157.20.164.55
101,Merla,Lovick,mlovick2s@spiegel.de,Female,45.185.225.77
102,Cash,Inglesent,cinglesent2t@washingtonpost.com,Male,216.19.55.117
103,Parrnell,L'argent,plargent2u@bloomberg.com,Male,39.211.174.253
104,Der,Winham,dwinham2v@dion.ne.jp,Male,225.97.232.5
105,Sibelle,Leavesley,sleavesley2w@miitbeian.gov.cn,Female,140.236.148.35
106,Onida,Redfield,oredfield2x@indiegogo.com,Female,203.118.191.9
107,Corissa,Crevy,ccrevy2y@cam.ac.uk,Non-binary,206.13.1.24
108,Ginny,Losel,glosel2z@redcross.org,Female,54.177.62.63
109,Sophi,Itzchaky,sitzchaky30@domainmarket.com,Female,26.109.142.18
110,Sherye,Danielsen,sdanielsen31@squarespace.com,Female,98.33.102.237
111,Donalt,Basketfield,dbasketfield32@github.io,Male,209.1.177.60
112,Marcello,Belshaw,mbelshaw33@people.com.cn,Male,145.232.44.96
113,Brena,Hayle,bhayle34@guardian.co.uk,Female,131.123.78.203
114,Brande,Durrance,bdurrance35@walmart.com,Female,164.57.163.57
115,Rabbi,Crittal,rcrittal36@nhs.uk,Male,90.158.30.67
116,Wandis,Plumbridge,wplumbridge37@devhub.com,Female,78.57.85.198
117,Mady,Ferrolli,mferrolli38@simplemachines.org,Female,229.74.69.146
118,Abbye,MacCaughan,amaccaughan39@cbslocal.com,Female,28.184.216.243
119,Alvera,Murford,amurford3a@cisco.com,Female,32.110.77.171
120,Audy,Bartolozzi,abartolozzi3b@biblegateway.com,Female,3.33.231.10
121,Pierson,Leedal,pleedal3c@arstechnica.com,Non-binary,76.56.79.211
122,Elberta,Pont,epont3d@twitpic.com,Agender,36.58.114.88
123,Krissie,Elger,kelger3e@homestead.com,Female,5.92.102.177
124,Eduard,Fairpool,efairpool3f@e-recht24.de,Male,72.168.239.164
125,Cristin,Shallow,cshallow3g@mozilla.org,Female,130.17.226.50
126,Jefferson,Renzo,jrenzo3h@china.com.cn,Male,143.48.133.179
127,Sharline,Lipprose,slipprose3i@constantcontact.com,Female,108.106.211.76
128,Genevra,Ishchenko,gishchenko3j@discuz.net,Female,185.251.136.79
129,Minette,Village,mvillage3k@amazon.co.uk,Female,168.31.13.148
130,Gideon,Glison,gglison3l@ezinearticles.com,Male,192.252.85.204
131,Ron,Beckworth,rbeckworth3m@istockphoto.com,Male,105.132.25.170
132,Tootsie,Dennitts,tdennitts3n@istockphoto.com,Female,150.27.213.128
133,Modestine,Jordon,mjordon3o@gnu.org,Female,24.118.187.58
134,Timoteo,Dobie,tdobie3p@about.me,Bigender,139.136.230.98
135,Hadlee,Stedson,hstedson3q@umn.edu,Male,74.85.207.120
136,Adelind,Villar,avillar3r@tiny.cc,Female,236.146.125.48
137,Jayson,Gumm,jgumm3s@ask.com,Male,67.114.6.133
138,Page,Pharo,ppharo3t@google.fr,Female,118.187.251.254
139,Scottie,Pettegree,spettegree3u@blogtalkradio.com,Male,168.225.67.5
140,Winifred,Clamo,wclamo3v@macromedia.com,Female,167.80.21.224
141,Shell,Batisse,sbatisse3w@sfgate.com,Male,76.167.136.78
142,Germana,Dmitriev,gdmitriev3x@ucla.edu,Female,80.224.96.132
143,Rex,Errington,rerrington3y@imgur.com,Male,28.240.134.136
144,Daffy,Mulcaster,dmulcaster3z@nationalgeographic.com,Agender,9.153.125.72
145,Hasty,Gohier,hgohier40@un.org,Male,207.21.204.167
146,Wood,Ianizzi,wianizzi41@gravatar.com,Male,146.171.91.226
147,Eddy,Wholesworth,ewholesworth42@chron.com,Male,78.233.214.163
148,Keir,Walework,kwalework43@cmu.edu,Polygender,51.1.76.161
149,Elliot,Blaylock,eblaylock44@amazon.co.jp,Male,206.243.150.134
150,Maurie,Plaice,mplaice45@ameblo.jp,Male,202.244.143.188
151,Chrissie,Denekamp,cdenekamp46@ca.gov,Female,145.6.108.116
152,Darin,Nadin,dnadin47@aboutads.info,Male,28.131.3.165
153,Danya,Hawson,dhawson48@flickr.com,Male,150.215.72.104
154,Zia,Flancinbaum,zflancinbaum49@dmoz.org,Female,145.246.200.136
155,Curcio,Attwill,cattwill4a@slideshare.net,Male,139.216.30.251
156,Arielle,Haining,ahaining4b@economist.com,Female,39.76.171.196
157,Travus,Jellings,tjellings4c@bing.com,Male,39.167.210.239
158,Bradney,Girkins,bgirkins4d@wufoo.com,Male,60.123.43.163
159,Elonore,Zanitti,ezanitti4e@weather.com,Female,131.69.23.227
160,Beauregard,Dobrowski,bdobrowski4f@ocn.ne.jp,Male,174.217.191.148
161,Kania,Tander,ktander4g@nature.com,Female,64.114.223.41
162,Susette,Borrett,sborrett4h@godaddy.com,Female,207.63.167.24
163,D'arcy,Dmisek,ddmisek4i@biglobe.ne.jp,Male,84.61.179.131
164,Richardo,Eaton,reaton4j@1688.com,Male,96.200.221.86
165,Doris,Olesen,dolesen4k@4shared.com,Female,200.113.4.252
166,Bone,Elvy,belvy4l@ted.com,Male,68.38.166.222
167,Bertha,Comer,bcomer4m@storify.com,Female,52.198.99.28
168,Hedvig,Boldecke,hboldecke4n@shop-pro.jp,Agender,63.14.230.55
169,Antonella,MacDwyer,amacdwyer4o@accuweather.com,Polygender,142.34.110.159
170,Spencer,Litt,slitt4p@scientificamerican.com,Male,38.87.64.109
171,Cullie,Jedrys,cjedrys4q@canalblog.com,Male,119.71.196.116
172,Orelia,Eynaud,oeynaud4r@pen.io,Female,174.52.108.26
173,Bobette,Gawkes,bgawkes4s@va.gov,Female,140.235.219.216
174,Agace,Smorthit,asmorthit4t@cdc.gov,Female,125.252.197.54
175,Eulalie,Cardo,ecardo4u@mac.com,Female,119.242.43.228
176,Yehudit,Verrall,yverrall4v@github.io,Genderqueer,234.102.90.59
177,Kinnie,Bisp,kbisp4w@forbes.com,Male,140.55.215.209
178,Blake,Crosier,bcrosier4x@wired.com,Male,234.242.214.105
179,Shellysheldon,Hamments,shamments4y@google.com.hk,Male,109.140.138.163
180,Tawsha,Danilovic,tdanilovic4z@apache.org,Female,127.55.203.123
181,Cyrill,McVane,cmcvane50@networkadvertising.org,Male,177.180.162.159
182,Hillyer,Beatens,hbeatens51@e-recht24.de,Male,53.15.133.233
183,Caroljean,Wildgoose,cwildgoose52@howstuffworks.com,Female,245.239.90.209
184,Hinda,Gullis,hgullis53@example.com,Female,221.199.183.229
185,Gideon,Manshaw,gmanshaw54@hibu.com,Male,136.14.213.30
186,Perle,Perazzo,pperazzo55@yellowbook.com,Female,91.170.148.112
187,Raimundo,Rogger,rrogger56@goodreads.com,Male,201.223.204.212
188,Joellyn,Lappine,jlappine57@cargocollective.com,Female,10.69.63.102
189,Curr,Harlow,charlow58@pen.io,Male,183.42.130.226
190,Verile,Tupman,vtupman59@is.gd,Female,160.58.36.212
191,Matthaeus,Olphert,molphert5a@cmu.edu,Male,112.254.35.19
192,Stacia,Geldert,sgeldert5b@issuu.com,Female,160.39.111.120
193,Homere,Charopen,hcharopen5c@github.io,Male,215.141.161.185
194,Lacey,Easseby,leasseby5d@tamu.edu,Female,230.222.31.146
195,Mattias,Willets,mwillets5e@baidu.com,Bigender,106.0.62.171
196,Gae,Lettsom,glettsom5f@myspace.com,Female,141.92.116.201
197,Sholom,Solley,ssolley5g@comsenz.com,Male,213.67.172.196
198,Wells,Crimin,wcrimin5h@icq.com,Male,157.122.130.25
199,Mil,Teanby,mteanby5i@constantcontact.com,Female,85.152.202.188
200,Tabbi,Wasylkiewicz,twasylkiewicz5j@ovh.net,Female,106.168.150.255
201,Lucais,Roget,lroget5k@exblog.jp,Male,210.36.54.253
202,Burch,Leeder,bleeder5l@reuters.com,Male,178.189.175.93
203,Teri,Carbine,tcarbine5m@posterous.com,Female,155.77.48.180
204,Harlen,Batson,hbatson5n@baidu.com,Male,205.152.171.200
205,Roberto,Pie,rpie5o@wikimedia.org,Male,250.108.211.198
206,Lowe,McKendo,lmckendo5p@cornell.edu,Male,246.20.43.6
207,Mendie,Whale,mwhale5q@addthis.com,Male,226.132.6.139
208,Cordi,Keightley,ckeightley5r@ucoz.ru,Female,113.123.111.82
209,Ephraim,McCrie,emccrie5s@hhs.gov,Male,223.57.0.150
210,Rey,Doley,rdoley5t@nba.com,Male,186.138.234.116
211,Berti,Gudgeon,bgudgeon5u@51.la,Agender,117.105.185.201
212,Alyda,Dearing,adearing5v@ameblo.jp,Female,160.87.0.152
213,Kalina,Licari,klicari5w@redcross.org,Female,170.191.227.9
214,Michaeline,Playdon,mplaydon5x@live.com,Female,195.242.193.89
215,Artie,Jessop,ajessop5y@japanpost.jp,Male,76.116.93.105
216,Abbott,Steptow,asteptow5z@forbes.com,Male,230.30.22.49
217,Archy,Lesek,alesek60@prlog.org,Male,166.15.92.10
218,Suki,Mattingley,smattingley61@dion.ne.jp,Female,142.5.173.192
219,Caritta,Domegan,cdomegan62@discovery.com,Female,100.95.47.207
220,Jo-anne,McRonald,jmcronald63@indiatimes.com,Female,66.171.232.68
221,Cassandry,Gery,cgery64@discuz.net,Non-binary,140.13.246.217
222,Udell,Woolvett,uwoolvett65@elpais.com,Male,233.208.108.189
223,Read,Lenihan,rlenihan66@prnewswire.com,Male,208.129.146.126
224,Rube,Langfat,rlangfat67@sphinn.com,Male,84.132.129.138
225,Layton,Pascho,lpascho68@prnewswire.com,Male,251.71.198.24
226,Theresina,Wimpenny,twimpenny69@tinypic.com,Female,226.181.176.100
227,Rosy,Kernermann,rkernermann6a@wordpress.com,Female,8.234.126.159
228,Brittan,Lill,blill6b@eventbrite.com,Female,178.163.87.78
229,Hastings,Salan,hsalan6c@weebly.com,Male,77.79.238.62
230,Conny,Armstead,carmstead6d@posterous.com,Non-binary,40.77.86.218
231,Lori,Avery,lavery6e@yahoo.com,Female,71.164.36.57
232,Kiah,Paoletti,kpaoletti6f@techcrunch.com,Female,244.209.20.41
233,Pippo,Jameson,pjameson6g@ca.gov,Male,129.83.101.223
234,Kimmy,Darkins,kdarkins6h@mysql.com,Female,96.128.181.151
235,Windham,Grishagin,wgrishagin6i@rambler.ru,Genderqueer,118.237.15.181
236,Taddeo,Londsdale,tlondsdale6j@dot.gov,Male,0.167.6.179
237,Minerva,Yakunchikov,myakunchikov6k@sphinn.com,Female,180.128.119.114
238,Regan,Gueny,rgueny6l@netvibes.com,Genderqueer,92.146.192.36
239,Liesa,Lerer,llerer6m@wsj.com,Female,117.143.238.122
240,Konstanze,Walak,kwalak6n@ca.gov,Female,49.224.221.62
241,Kaleena,Hull,khull6o@t-online.de,Polygender,138.191.110.118
242,Marve,Castangia,mcastangia6p@who.int,Male,246.36.141.101
243,Kain,O'Hear,kohear6q@blogger.com,Male,9.203.117.231
244,Fallon,Fearnley,ffearnley6r@state.gov,Female,103.195.127.52
245,Katerine,Waddy,kwaddy6s@rakuten.co.jp,Female,138.35.77.215
246,Felecia,Palle,fpalle6t@japanpost.jp,Female,189.134.180.102
247,Humfried,Dalliston,hdalliston6u@ycombinator.com,Male,133.93.1.106
248,Darcy,O' Molan,domolan6v@goo.ne.jp,Male,211.33.219.222
249,Thacher,Sargood,tsargood6w@prlog.org,Male,31.225.117.46
250,Nikolia,Schoenrock,nschoenrock6x@unicef.org,Female,37.184.52.122
251,Camellia,Freeborn,cfreeborn6y@icq.com,Female,5.122.6.152
252,Margie,Shadfourth,mshadfourth6z@bloglines.com,Female,115.72.16.189
253,Hattie,Ringer,hringer70@photobucket.com,Female,85.60.8.27
254,Joyan,Cleeve,jcleeve71@time.com,Female,41.109.178.5
255,Trescha,Trunks,ttrunks72@digg.com,Female,169.119.83.87
256,Ashia,Cuffe,acuffe73@weather.com,Female,164.227.136.202
257,Luce,Franssen,lfranssen74@360.cn,Female,59.140.67.108
258,Mirilla,Merali,mmerali75@google.com.br,Female,36.107.182.205
259,Jemie,Cochern,jcochern76@phpbb.com,Female,207.33.75.156
260,Tova,Petroselli,tpetroselli77@wordpress.org,Genderqueer,61.5.111.214
261,Rodi,Bradlaugh,rbradlaugh78@mozilla.org,Female,180.121.206.167
262,Had,Colafate,hcolafate79@wp.com,Male,136.103.54.75
263,Hillyer,Giffen,hgiffen7a@bing.com,Male,226.11.179.94
264,Raddie,Molson,rmolson7b@barnesandnoble.com,Male,66.87.184.47
265,Allie,Baleine,abaleine7c@merriam-webster.com,Female,236.57.39.153
266,Barbara-anne,Booler,bbooler7d@feedburner.com,Female,17.118.190.246
267,Vittoria,Parkinson,vparkinson7e@java.com,Female,77.119.124.84
268,Meyer,Sambidge,msambidge7f@issuu.com,Male,101.56.225.64
269,Bertram,Langfitt,blangfitt7g@bing.com,Male,37.171.217.54
270,Rodger,Sirrell,rsirrell7h@seattletimes.com,Male,88.185.158.6
271,Hercule,Burchess,hburchess7i@ustream.tv,Male,207.23.209.210
272,Eadith,Giacobillo,egiacobillo7j@github.io,Female,67.220.185.168
273,Rozalie,Demangeon,rdemangeon7k@walmart.com,Female,162.231.213.74
274,Isac,Crone,icrone7l@feedburner.com,Male,99.245.84.240
275,Case,Weatherill,cweatherill7m@hatena.ne.jp,Male,159.247.223.88
276,Ainsley,Birkin,abirkin7n@nationalgeographic.com,Female,40.153.48.223
277,Grantham,Danks,gdanks7o@time.com,Male,234.124.219.254
278,Delcine,Mungane,dmungane7p@github.io,Female,80.95.226.121
279,Wayland,Gotcher,wgotcher7q@prlog.org,Male,141.217.10.197
280,Ula,Cordeux,ucordeux7r@soundcloud.com,Female,188.185.133.66
281,Julie,Mainson,jmainson7s@bravesites.com,Male,113.92.98.193
282,Karrah,Purselowe,kpurselowe7t@illinois.edu,Female,174.187.143.67
283,Chilton,Spinozzi,cspinozzi7u@istockphoto.com,Male,223.41.21.179
284,Cynde,Tomlett,ctomlett7v@acquirethisname.com,Female,237.38.74.251
285,Lazaro,Maberley,lmaberley7w@de.vu,Male,71.35.217.63
286,Hasheem,Upcott,hupcott7x@usgs.gov,Bigender,232.119.85.67
287,Harlen,Sandbatch,hsandbatch7y@tinyurl.com,Male,242.87.203.244
288,Maury,Archbold,marchbold7z@timesonline.co.uk,Male,50.152.150.23
289,Beverley,Ottosen,bottosen80@smugmug.com,Female,86.16.130.60
290,Miller,Whithalgh,mwhithalgh81@theatlantic.com,Male,231.172.65.160
291,Orbadiah,McLagan,omclagan82@amazon.co.jp,Male,8.100.80.255
292,Drugi,Whellans,dwhellans83@comcast.net,Male,96.200.101.149
293,Evey,Harrowell,eharrowell84@twitter.com,Female,21.2.250.190
294,Sebastiano,Gameson,sgameson85@marriott.com,Polygender,7.164.29.26
295,Eliot,Broy,ebroy86@skype.com,Male,12.20.91.131
296,Zebadiah,Dowsett,zdowsett87@webmd.com,Male,98.11.142.207
297,Beitris,Frankum,bfrankum88@google.co.uk,Female,103.90.76.229
298,Norbert,Glanfield,nglanfield89@gravatar.com,Genderqueer,34.179.240.151
299,Corbet,Beane,cbeane8a@arstechnica.com,Male,28.133.163.54
300,Darill,Atyeo,datyeo8b@bravesites.com,Male,231.49.161.252
301,Ludwig,Hawkes,lhawkes8c@de.vu,Male,150.119.237.200
302,Nahum,Gonneau,ngonneau8d@usatoday.com,Male,206.232.111.70
303,Nerta,Wattam,nwattam8e@ycombinator.com,Female,39.210.241.191
304,Dottie,Cokayne,dcokayne8f@cdbaby.com,Female,118.140.41.65
305,Chaddy,Beedon,cbeedon8g@4shared.com,Male,66.79.114.15
306,Shurwood,Whitbread,swhitbread8h@blogger.com,Male,148.224.130.250
307,Nadya,Sedgemore,nsedgemore8i@live.com,Bigender,247.18.38.136
308,Fair,Jakubovits,fjakubovits8j@surveymonkey.com,Male,82.23.137.227
309,Bryan,Haswell,bhaswell8k@elegantthemes.com,Male,189.176.224.154
310,Brendis,Brougham,bbrougham8l@spiegel.de,Male,177.48.185.35
311,Ammamaria,Dittson,adittson8m@disqus.com,Female,80.69.217.47
312,Meghan,Cheesman,mcheesman8n@wisc.edu,Genderfluid,17.50.41.106
313,Dimitry,Bridewell,dbridewell8o@exblog.jp,Male,180.2.116.24
314,Land,Graveson,lgraveson8p@foxnews.com,Male,215.86.131.70
315,Tally,Hankinson,thankinson8q@wordpress.org,Female,129.158.68.124
316,Maressa,Mengo,mmengo8r@craigslist.org,Female,192.129.187.243
317,Richart,Czyz,rczyz8s@ted.com,Male,68.7.14.162
318,Wally,Prover,wprover8t@hostgator.com,Male,39.69.202.10
319,Chance,Wehden,cwehden8u@yolasite.com,Male,199.19.109.91
320,Rena,Tasker,rtasker8v@wordpress.org,Female,15.119.148.207
321,Leon,Yakobovicz,lyakobovicz8w@posterous.com,Male,49.239.50.147
322,Northrup,Sydall,nsydall8x@blinklist.com,Male,100.174.39.173
323,Agnes,Sellman,asellman8y@cbsnews.com,Female,60.158.79.95
324,Lora,Mell,lmell8z@soup.io,Female,6.56.177.17
325,Gregg,Kubatsch,gkubatsch90@ovh.net,Male,31.220.66.193
326,Felicle,Twopenny,ftwopenny91@usatoday.com,Female,163.16.18.253
327,Cleon,Bisp,cbisp92@narod.ru,Male,183.66.48.147
328,Nancy,Gumme,ngumme93@springer.com,Female,252.132.24.176
329,Inglebert,Ingall,iingall94@dion.ne.jp,Male,64.92.190.10
330,Geri,Kingdon,gkingdon95@walmart.com,Female,209.139.38.73
331,Ly,Croote,lcroote96@wired.com,Male,106.100.138.238
332,Una,Dunstone,udunstone97@ucsd.edu,Female,22.251.91.67
333,Koren,Packe,kpacke98@ucoz.com,Female,70.233.202.159
334,Cobby,Pulver,cpulver99@networksolutions.com,Male,43.67.115.163
335,Janel,Winkless,jwinkless9a@yandex.ru,Genderqueer,110.105.99.20
336,Land,Brosenius,lbrosenius9b@a8.net,Male,135.234.216.123
337,Missy,Renachowski,mrenachowski9c@wix.com,Female,44.84.225.245
338,Caryl,Steptoe,csteptoe9d@php.net,Male,162.209.40.185
339,Bink,Pioli,bpioli9e@go.com,Male,145.112.74.50
340,Derick,Clee,dclee9f@xinhuanet.com,Male,181.26.10.103
341,Tybalt,Marcone,tmarcone9g@narod.ru,Male,168.168.234.216
342,Darsie,Creany,dcreany9h@sphinn.com,Female,202.240.178.24
343,Jamil,Imlin,jimlin9i@123-reg.co.uk,Male,47.45.21.109
344,Muire,Gylle,mgylle9j@shareasale.com,Female,148.200.88.24
345,Lottie,Saltwell,lsaltwell9k@scientificamerican.com,Female,5.6.197.159
346,Jamie,Skirling,jskirling9l@abc.net.au,Male,197.131.223.210
347,Linnea,Ping,lping9m@icio.us,Female,237.143.216.222
348,Diena,Martijn,dmartijn9n@omniture.com,Non-binary,167.213.23.15
349,Carver,Cosson,ccosson9o@themeforest.net,Male,171.21.1.78
350,Natala,Stening,nstening9p@reference.com,Female,232.111.81.129
351,Corri,Graves,cgraves9q@guardian.co.uk,Female,211.208.139.108
352,Julie,Harse,jharse9r@ted.com,Female,130.235.233.190
353,Sloan,Pettko,spettko9s@usnews.com,Male,6.30.47.70
354,Jessey,Yarrow,jyarrow9t@aboutads.info,Male,142.206.116.187
355,Mattie,Becks,mbecks9u@scribd.com,Male,152.116.179.237
356,Langsdon,Baike,lbaike9v@t-online.de,Male,136.231.21.202
357,Sonny,Castellan,scastellan9w@timesonline.co.uk,Male,207.47.13.92
358,Danell,Lipmann,dlipmann9x@amazon.de,Female,60.197.139.195
359,Dexter,Mallender,dmallender9y@noaa.gov,Male,225.194.171.204
360,Bevan,Bonny,bbonny9z@yandex.ru,Male,128.70.246.70
361,Forster,Babbage,fbabbagea0@boston.com,Male,230.148.58.87
362,Aguste,Vargas,avargasa1@arizona.edu,Male,77.1.11.246
363,Rance,Hardy-Piggin,rhardypiggina2@prweb.com,Male,155.68.168.38
364,Brittani,Ledward,bledwarda3@diigo.com,Female,159.208.53.13
365,Daphene,Piele,dpielea4@time.com,Female,248.143.119.206
366,Priscilla,O'Cahill,pocahilla5@skyrock.com,Female,194.120.93.146
367,Mignonne,Clinton,mclintona6@nationalgeographic.com,Female,55.42.186.18
368,Selia,Taudevin,staudevina7@xrea.com,Female,76.58.232.37
369,Woodrow,Pleass,wpleassa8@etsy.com,Male,65.104.190.20
370,Catharina,Shirrell,cshirrella9@histats.com,Female,192.182.20.146
371,Dorry,Dinkin,ddinkinaa@linkedin.com,Genderfluid,216.116.45.24
372,Darla,Blunsom,dblunsomab@nytimes.com,Genderfluid,113.43.127.123
373,Humberto,Sullly,hsulllyac@liveinternet.ru,Genderqueer,52.239.219.184
374,Albertina,Basili,abasiliad@wikia.com,Female,2.154.28.145
375,Beverley,Ghiotto,bghiottoae@theglobeandmail.com,Female,227.180.103.75
376,Berni,Lockton,blocktonaf@ted.com,Female,206.144.115.240
377,Selina,Wormald,swormaldag@cnbc.com,Female,74.255.182.66
378,Ammamaria,Gaitung,agaitungah@adobe.com,Female,26.214.195.51
379,Constance,Brokenshire,cbrokenshireai@aol.com,Female,108.139.162.141
380,Fania,Claibourn,fclaibournaj@netvibes.com,Female,224.46.13.89
381,Oralla,Chetham,ochethamak@huffingtonpost.com,Female,100.181.254.24
382,Althea,Goodsir,agoodsiral@multiply.com,Female,146.45.108.55
383,Ban,Getten,bgettenam@lulu.com,Male,107.47.219.124
384,Ryun,Southerton,rsouthertonan@epa.gov,Male,56.27.113.102
385,Roderick,Selvester,rselvesterao@youtube.com,Male,20.57.163.185
386,Brocky,Lukacs,blukacsap@exblog.jp,Male,0.129.235.88
387,Osborn,Giotto,ogiottoaq@washington.edu,Male,185.184.86.182
388,Laurena,Dungay,ldungayar@theatlantic.com,Agender,19.50.69.222
389,Hobart,Shreeve,hshreeveas@jugem.jp,Genderqueer,178.204.107.94
390,Lem,Falloon,lfalloonat@miibeian.gov.cn,Male,59.59.12.51
391,Ilsa,Ethridge,iethridgeau@bloglovin.com,Female,76.14.218.217
392,Dal,Mosedale,dmosedaleav@google.de,Male,243.37.122.20
393,Curtis,Mobius,cmobiusaw@hibu.com,Male,42.107.58.244
394,Virgie,Jago,vjagoax@behance.net,Male,34.107.187.156
395,Gay,Kohen,gkohenay@reuters.com,Female,105.153.115.148
396,Nathanil,Huitt,nhuittaz@nifty.com,Male,7.4.169.51
397,Teresa,Golde,tgoldeb0@slideshare.net,Female,221.160.184.20
398,Brendis,Swannell,bswannellb1@cam.ac.uk,Male,109.38.170.195
399,Colene,Wandrach,cwandrachb2@ycombinator.com,Female,155.176.131.185
400,Abdul,Tuma,atumab3@dailymail.co.uk,Male,209.249.175.139
401,Barr,Bougen,bbougenb4@sciencedirect.com,Male,52.60.182.220
402,Siffre,Pogue,spogueb5@uol.com.br,Male,46.49.82.117
403,Ursala,Easby,ueasbyb6@domainmarket.com,Female,143.134.194.65
404,Eloise,Schrader,eschraderb7@youtube.com,Female,164.166.74.254
405,Trefor,Kilroy,tkilroyb8@unblog.fr,Male,159.178.53.247
406,Inez,Berthelmot,iberthelmotb9@dyndns.org,Female,3.0.59.192
407,Myrlene,Itzkovich,mitzkovichba@ucla.edu,Female,237.120.121.202
408,Prissie,Huegett,phuegettbb@cbc.ca,Female,153.164.98.47
409,Amii,Goodfield,agoodfieldbc@mtv.com,Polygender,87.150.152.234
410,Vernon,Poli,vpolibd@shinystat.com,Male,89.162.126.164
411,Kathleen,Astle,kastlebe@microsoft.com,Female,56.109.31.255
412,Nanni,Gumary,ngumarybf@springer.com,Female,35.168.91.88
413,Fax,McGaugan,fmcgauganbg@pen.io,Male,121.163.161.7
414,Leo,Red,lredbh@arizona.edu,Male,230.196.163.3
415,Morgun,Tommasetti,mtommasettibi@github.com,Male,212.49.116.26
416,Marcelo,Wastell,mwastellbj@apple.com,Male,139.94.42.20
417,Dewitt,Pratte,dprattebk@chronoengine.com,Male,59.16.185.105
418,Murdock,Irving,mirvingbl@smh.com.au,Male,108.219.66.201
419,Corey,Berrygun,cberrygunbm@desdev.cn,Female,62.139.119.170
420,Mayne,Tailby,mtailbybn@pen.io,Male,232.15.72.37
421,Symon,Deerness,sdeernessbo@about.me,Male,148.166.153.41
422,Neale,Fawcitt,nfawcittbp@naver.com,Male,35.175.201.154
423,Sigismund,Fardon,sfardonbq@yelp.com,Male,202.100.193.161
424,Shalom,Kwiek,skwiekbr@umn.edu,Male,28.19.240.73
425,Evy,Frickey,efrickeybs@constantcontact.com,Female,223.164.247.177
426,Zelda,Grinyov,zgrinyovbt@about.com,Female,72.20.24.159
427,Rowena,Vautier,rvautierbu@google.com.hk,Female,235.180.42.113
428,Katina,Nurcombe,knurcombebv@dedecms.com,Female,239.189.216.202
429,Chiquia,Harnor,charnorbw@ocn.ne.jp,Female,106.155.210.158
430,Sile,Burgin,sburginbx@mediafire.com,Female,127.142.204.163
431,De,Perigeaux,dperigeauxby@soup.io,Female,21.184.179.66
432,Simonne,Pactat,spactatbz@soup.io,Female,209.48.61.232
433,Kate,Berdale,kberdalec0@usa.gov,Female,78.34.229.170
434,Guillema,Delleschi,gdelleschic1@blinklist.com,Female,61.140.62.183
435,Ryun,Lye,rlyec2@blogspot.com,Male,245.152.28.148
436,Kipp,Bevan,kbevanc3@whitehouse.gov,Female,89.252.29.50
437,Thorstein,Leach,tleachc4@instagram.com,Male,110.242.226.6
438,Max,Calveley,mcalveleyc5@mac.com,Female,117.2.111.234
439,Shelley,Zorn,szornc6@exblog.jp,Male,204.193.1.65
440,Edeline,Spillane,espillanec7@hao123.com,Female,216.176.213.58
441,Audre,Hrus,ahrusc8@phoca.cz,Female,118.89.91.23
442,Kilian,Drayson,kdraysonc9@friendfeed.com,Male,10.97.131.73
443,Alexei,Tremain,atremainca@feedburner.com,Male,85.89.65.100
444,Kara-lynn,Clemas,kclemascb@latimes.com,Female,85.182.222.136
445,Fredi,Flowerdew,fflowerdewcc@booking.com,Female,45.162.156.43
446,Efrem,Mallindine,emallindinecd@eepurl.com,Male,244.52.29.186
447,Ellie,Blais,eblaisce@g.co,Female,207.249.77.58
448,Fred,Harhoff,fharhoffcf@admin.ch,Male,236.69.120.188
449,Berni,Riggert,briggertcg@omniture.com,Female,101.102.7.1
450,Tye,Odams,todamsch@sitemeter.com,Male,38.177.246.135
451,Magdaia,Gillam,mgillamci@macromedia.com,Female,98.33.223.1
452,Hallie,Mattholie,hmattholiecj@github.com,Female,110.189.111.230
453,Rosalynd,Rawlinson,rrawlinsonck@yahoo.com,Female,139.170.10.17
454,Phil,Stump,pstumpcl@spotify.com,Male,19.65.44.5
455,Brandy,Asbury,basburycm@gmpg.org,Non-binary,159.106.247.126
456,Ricki,Tumpane,rtumpanecn@bbc.co.uk,Male,17.108.209.125
457,Cos,Traice,ctraiceco@histats.com,Male,58.161.237.28
458,Griffin,Worham,gworhamcp@dot.gov,Male,126.189.17.63
459,Kassi,Bonnette,kbonnettecq@independent.co.uk,Female,102.212.86.107
460,Calvin,Skerritt,cskerrittcr@typepad.com,Male,93.7.181.234
461,Perkin,Sterrick,psterrickcs@nymag.com,Male,19.85.179.150
462,Barbee,Loads,bloadsct@wikimedia.org,Female,51.234.86.161
463,Gabbi,Schaumaker,gschaumakercu@mysql.com,Female,94.190.76.2
464,Joli,Grzegorzewicz,jgrzegorzewiczcv@spotify.com,Female,11.13.148.71
465,Effie,Braidman,ebraidmancw@yolasite.com,Genderqueer,252.157.81.184
466,Roth,Brockett,rbrockettcx@businesswire.com,Genderfluid,203.42.150.135
467,Helene,Stanesby,hstanesbycy@vimeo.com,Female,63.4.9.191
468,Alanah,Emanuelov,aemanuelovcz@smh.com.au,Female,89.50.199.190
469,Norbie,Copnall,ncopnalld0@goo.gl,Male,146.214.183.224
470,Forrest,Ince,finced1@bandcamp.com,Male,74.147.207.80
471,Othelia,Diplock,odiplockd2@princeton.edu,Female,91.243.107.166
472,Hermine,Firbank,hfirbankd3@thetimes.co.uk,Female,120.143.115.55
473,Roderick,Lockier,rlockierd4@wikimedia.org,Agender,125.199.119.208
474,Peggi,Binne,pbinned5@free.fr,Polygender,19.64.181.194
475,Gasparo,Dinsale,gdinsaled6@meetup.com,Male,7.12.157.234
476,Patricia,Girth,pgirthd7@amazon.com,Non-binary,135.19.65.92
477,Arny,Venables,avenablesd8@google.com.br,Male,223.162.202.71
478,Margette,Barlass,mbarlassd9@patch.com,Female,45.62.23.237
479,Gretta,Avann,gavannda@cbsnews.com,Female,252.194.170.254
480,Aylmar,Breston,abrestondb@latimes.com,Male,164.113.155.189
481,Emile,Roncelli,eroncellidc@merriam-webster.com,Male,130.170.35.222
482,Marie,Toop,mtoopdd@smugmug.com,Female,4.129.96.135
483,Ines,Trussman,itrussmande@unicef.org,Female,240.210.88.121
484,Lolly,Hamby,lhambydf@prlog.org,Polygender,191.20.106.61
485,Brantley,Ferran,bferrandg@freewebs.com,Male,145.163.211.251
486,Elsy,Eastcourt,eeastcourtdh@blogger.com,Female,3.161.239.192
487,Darryl,Farny,dfarnydi@cocolog-nifty.com,Female,86.159.172.1
488,Gottfried,Orehead,goreheaddj@theglobeandmail.com,Male,241.119.113.105
489,Florry,Leacock,fleacockdk@wix.com,Female,252.55.213.49
490,Colly,Springate,cspringatedl@jalbum.net,Female,130.163.103.148
491,Brooke,Le-Good,blegooddm@barnesandnoble.com,Female,51.209.18.120
492,Gordon,Kinnard,gkinnarddn@hibu.com,Male,59.6.23.156
493,Adah,Stonhewer,astonhewerdo@clickbank.net,Female,186.173.181.239
494,Kathrine,Baus,kbausdp@topsy.com,Female,168.189.10.225
495,Allin,Bruford,abruforddq@amazon.co.jp,Male,132.12.222.182
496,Sheelah,Kilian,skiliandr@google.fr,Female,215.84.175.74
497,Merna,Thresher,mthresherds@tumblr.com,Female,29.37.102.13
498,Dedra,Helkin,dhelkindt@si.edu,Female,71.28.115.45
499,Deeanne,Trassler,dtrasslerdu@hatena.ne.jp,Female,113.198.98.89
500,Cal,Van Cassel,cvancasseldv@harvard.edu,Male,121.249.127.3
501,Tomi,Godmar,tgodmardw@sina.com.cn,Female,44.126.82.142
502,Conway,Le Marchant,clemarchantdx@blogs.com,Male,25.246.212.199
503,Thibaut,Strettell,tstrettelldy@ning.com,Male,150.68.204.172
504,Jareb,Aberdalgy,jaberdalgydz@hhs.gov,Male,200.193.0.138
505,Barty,Rowcastle,browcastlee0@last.fm,Male,202.32.153.175
506,Mohandas,Dolden,mdoldene1@yellowbook.com,Male,213.93.253.99
507,Katha,Gillcrist,kgillcriste2@alexa.com,Female,38.14.72.98
508,Cecilio,Oak,coake3@hao123.com,Male,159.41.130.186
509,Gerladina,Stuck,gstucke4@xing.com,Female,11.170.109.66
510,Montague,Crossman,mcrossmane5@ft.com,Male,57.231.243.41
511,Lewiss,Fleming,lfleminge6@opensource.org,Male,91.50.100.218
512,Robbert,Ashdown,rashdowne7@vk.com,Male,240.244.219.120
513,Gerri,Kirkam,gkirkame8@tripadvisor.com,Male,222.41.150.83
514,Casar,Durnian,cdurniane9@theglobeandmail.com,Bigender,27.105.101.47
515,Lissy,Symcox,lsymcoxea@mysql.com,Female,181.209.113.68
516,Zolly,Harteley,zharteleyeb@nba.com,Male,116.128.73.190
517,Christoper,Goulder,cgoulderec@bravesites.com,Male,34.69.91.67
518,Geoffry,Haskett,ghasketted@sakura.ne.jp,Agender,129.173.108.118
519,Ronalda,Pitford,rpitfordee@weibo.com,Female,48.253.84.207
520,Celeste,Reilingen,creilingenef@ezinearticles.com,Female,28.156.7.194
521,Falito,Cosans,fcosanseg@amazon.com,Male,242.84.69.32
522,Sherrie,Eldred,seldredeh@ifeng.com,Female,100.182.166.88
523,Barnaby,Shepherd,bshepherdei@rediff.com,Male,229.83.189.170
524,Mella,Hince,mhinceej@google.it,Female,37.119.185.42
525,Evelina,Tytterton,etyttertonek@squidoo.com,Female,176.199.2.238
526,Sly,Moukes,smoukesel@yelp.com,Male,247.116.165.60
527,Mellisa,Purrier,mpurrierem@cocolog-nifty.com,Female,97.195.53.72
528,Cece,O Mullen,comullenen@vimeo.com,Male,86.41.108.84
529,Lelia,Duchart,lducharteo@deliciousdays.com,Female,133.233.51.189
530,Tamarra,Audus,taudusep@cargocollective.com,Female,123.63.128.203
531,Enoch,Popov,epopoveq@apache.org,Male,53.100.217.224
532,Arley,Gregoli,agregolier@guardian.co.uk,Male,188.203.94.100
533,Row,Duchart,rduchartes@army.mil,Female,159.167.247.195
534,Rosa,Everex,reverexet@weather.com,Female,1.231.92.129
535,Traci,Harder,thardereu@auda.org.au,Female,60.201.114.108
536,Walker,Greensite,wgreensiteev@nydailynews.com,Male,174.195.222.42
537,Vaclav,Skitral,vskitralew@nifty.com,Male,107.144.123.148
538,Prince,Rosevear,prosevearex@ask.com,Male,249.27.131.178
539,Nicholas,Dutnell,ndutnelley@un.org,Male,154.252.4.37
540,Lani,Aubrey,laubreyez@china.com.cn,Female,249.210.73.230
541,Agosto,Napleton,anapletonf0@tripadvisor.com,Male,197.231.106.235
542,Denis,Andrea,dandreaf1@icq.com,Male,251.112.183.223
543,Andrey,Kleinstub,akleinstubf2@blogspot.com,Male,39.199.34.227
544,Aksel,Smiths,asmithsf3@networkadvertising.org,Male,49.212.123.74
545,Garret,Walcar,gwalcarf4@cmu.edu,Male,50.218.15.127
546,Sunny,Gorham,sgorhamf5@foxnews.com,Male,62.35.132.210
547,Rab,Cathesyed,rcathesyedf6@macromedia.com,Male,23.92.29.152
548,Toni,Blurton,tblurtonf7@cam.ac.uk,Female,143.140.105.181
549,Tiffani,Clifforth,tclifforthf8@ucoz.ru,Female,78.4.238.35
550,Faith,Goldstein,fgoldsteinf9@squarespace.com,Female,84.178.203.18
551,Giffard,Cadding,gcaddingfa@mayoclinic.com,Male,232.204.249.47
552,Nikolia,St. Pierre,nstpierrefb@amazon.com,Female,215.30.254.76
553,Penny,Swine,pswinefc@mediafire.com,Male,53.192.223.196
554,Rosabella,Maris,rmarisfd@businessweek.com,Female,156.225.210.89
555,Andrew,Leathes,aleathesfe@prweb.com,Male,53.162.101.14
556,Reinald,Mackstead,rmacksteadff@deliciousdays.com,Male,78.96.25.238
557,Harli,Fellos,hfellosfg@stumbleupon.com,Female,167.120.12.102
558,Tatum,Arrigo,tarrigofh@sciencedirect.com,Female,22.233.161.244
559,Joby,Gerritzen,jgerritzenfi@sohu.com,Female,152.228.228.248
560,Guy,Wardhaugh,gwardhaughfj@umich.edu,Male,126.88.220.133
561,Shayla,Shawell,sshawellfk@godaddy.com,Female,74.229.96.231
562,Larry,Deme,ldemefl@i2i.jp,Male,96.124.176.42
563,Catharina,Noir,cnoirfm@gnu.org,Female,112.218.109.73
564,Dalia,Van der Beek,dvanderbeekfn@1und1.de,Female,152.40.174.23
565,Felizio,Seligson,fseligsonfo@buzzfeed.com,Male,112.60.242.15
566,Burke,Roache,broachefp@weather.com,Male,35.195.245.188
567,Eddie,Epilet,eepiletfq@t-online.de,Male,92.85.155.11
568,Dani,Casajuana,dcasajuanafr@imgur.com,Female,110.211.35.8
569,Emilie,Betteney,ebetteneyfs@princeton.edu,Female,164.183.224.251
570,Konstanze,Fernant,kfernantft@biglobe.ne.jp,Genderqueer,198.16.207.147
571,Huntley,Gyngyll,hgyngyllfu@soup.io,Polygender,120.60.161.88
572,Jarret,Groombridge,jgroombridgefv@parallels.com,Male,122.105.187.162
573,Reinhard,Paynes,rpaynesfw@weebly.com,Male,89.156.100.159
574,Chrisse,Harmond,charmondfx@geocities.jp,Male,233.213.60.34
575,Farly,Calveley,fcalveleyfy@statcounter.com,Male,40.68.218.122
576,Joelie,Sterricker,jsterrickerfz@eventbrite.com,Female,168.247.138.159
577,Robinett,Puller,rpullerg0@ftc.gov,Female,158.198.138.232
578,Moses,Titmus,mtitmusg1@businessweek.com,Male,200.221.51.13
579,Juieta,Points,jpointsg2@tmall.com,Female,130.173.165.36
580,Clyve,Verralls,cverrallsg3@samsung.com,Male,158.0.38.243
581,Annora,Blumfield,ablumfieldg4@wordpress.com,Female,189.206.141.50
582,Jessika,Henkmann,jhenkmanng5@hatena.ne.jp,Female,100.233.172.23
583,Gus,Valti,gvaltig6@guardian.co.uk,Female,56.127.9.198
584,Eleen,Hailes,ehailesg7@nps.gov,Non-binary,88.87.242.60
585,Rochester,Grenshields,rgrenshieldsg8@google.com,Male,116.237.13.149
586,Blithe,Ceccoli,bceccolig9@guardian.co.uk,Female,56.51.208.40
587,Trumann,Pinnigar,tpinnigarga@java.com,Male,125.205.134.81
588,Dag,Linturn,dlinturngb@xrea.com,Non-binary,193.226.139.84
589,Valentin,Kestin,vkestingc@hp.com,Male,138.112.134.228
590,Jodie,Hambleton,jhambletongd@kickstarter.com,Female,14.168.90.26
591,Sloan,Parfitt,sparfittge@sciencedaily.com,Bigender,173.159.254.69
592,Creight,Roath,croathgf@google.cn,Male,214.9.217.111
593,Berny,Lie,bliegg@cmu.edu,Male,48.169.10.15
594,Matthus,Dugood,mdugoodgh@xinhuanet.com,Male,175.97.101.4
595,Lizzy,Duplain,lduplaingi@wiley.com,Non-binary,92.138.80.37
596,Salomo,MacAdam,smacadamgj@comcast.net,Male,72.185.157.208
597,Vassili,Walewski,vwalewskigk@typepad.com,Male,4.255.221.36
598,Horatia,Liddy,hliddygl@slate.com,Female,96.16.79.107
599,Tobye,Alvy,talvygm@walmart.com,Female,179.101.251.32
600,Allyson,Cornillot,acornillotgn@addtoany.com,Bigender,124.68.166.132
601,Audy,MacMenamy,amacmenamygo@nih.gov,Female,93.150.142.100
602,Nana,Lathe,nlathegp@weebly.com,Female,31.167.139.176
603,Harper,Atteridge,hatteridgegq@comcast.net,Male,130.30.56.255
604,Harmon,Stitch,hstitchgr@mtv.com,Male,134.81.149.115
605,Jess,Housby,jhousbygs@google.pl,Female,168.96.141.55
606,Moises,Carvil,mcarvilgt@state.tx.us,Male,102.118.165.44
607,Agace,Roskruge,aroskrugegu@geocities.com,Agender,199.235.81.142
608,Grannie,Lohmeyer,glohmeyergv@gizmodo.com,Male,65.249.104.92
609,Deborah,Heineke,dheinekegw@home.pl,Female,232.7.96.167
610,Maxim,Snoxell,msnoxellgx@friendfeed.com,Male,153.176.80.94
611,Cynde,Frostick,cfrostickgy@rambler.ru,Female,168.22.85.254
612,Laurena,Housaman,lhousamangz@plala.or.jp,Female,154.80.167.47
613,Meredithe,Pett,mpetth0@ifeng.com,Genderfluid,215.149.19.234
614,Karyn,Edlestone,kedlestoneh1@mapy.cz,Female,46.174.204.110
615,Kimble,Tugwell,ktugwellh2@sciencedaily.com,Male,227.67.57.37
616,Margarete,Morrallee,mmorralleeh3@canalblog.com,Female,163.8.59.189
617,Den,Tanman,dtanmanh4@opera.com,Male,20.10.77.187
618,Enrica,Ghidoli,eghidolih5@examiner.com,Female,45.84.83.88
619,Neddy,Rookledge,nrookledgeh6@alexa.com,Male,249.108.30.210
620,Errol,Mingo,emingoh7@latimes.com,Male,253.20.244.146
621,Buffy,Moakes,bmoakesh8@fc2.com,Female,254.80.126.205
622,Tye,Buttwell,tbuttwellh9@nhs.uk,Male,128.179.169.36
623,Kippie,Tallman,ktallmanha@godaddy.com,Male,217.230.215.142
624,Julita,Jump,jjumphb@w3.org,Female,148.12.48.102
625,Aurore,Setterington,asetteringtonhc@mediafire.com,Female,242.70.209.87
626,Elke,Willbraham,ewillbrahamhd@sciencedirect.com,Female,62.2.29.41
627,Sasha,Blasdale,sblasdalehe@reference.com,Female,70.21.234.254
628,Vidovik,Ivie,viviehf@topsy.com,Male,84.97.198.3
629,Jan,Prozescky,jprozesckyhg@nasa.gov,Female,242.37.208.190
630,Elbert,Rushton,erushtonhh@reverbnation.com,Male,20.0.80.103
631,Dion,Banaszewski,dbanaszewskihi@ucoz.ru,Female,78.148.14.164
632,Alie,Hinstridge,ahinstridgehj@columbia.edu,Female,241.163.95.250
633,Montague,Lacknor,mlacknorhk@japanpost.jp,Male,144.228.54.212
634,Betteann,McGuff,bmcguffhl@ox.ac.uk,Polygender,128.159.111.88
635,Wendell,Clouston,wcloustonhm@prlog.org,Male,208.198.27.247
636,Fina,Romand,fromandhn@abc.net.au,Female,26.247.152.179
637,Brenden,Lozano,blozanoho@go.com,Male,218.240.28.105
638,Cherilynn,Winfindine,cwinfindinehp@abc.net.au,Female,146.217.105.80
639,Amabel,Magnar,amagnarhq@macromedia.com,Female,255.178.118.58
640,Corrine,Chatres,cchatreshr@eepurl.com,Agender,224.161.169.163
641,Shannah,Halhead,shalheadhs@artisteer.com,Female,192.98.35.190
642,Alfie,Cartmell,acartmellht@a8.net,Male,9.114.198.236
643,Marne,Tomaino,mtomainohu@seattletimes.com,Female,70.80.32.155
644,Wally,Lyness,wlynesshv@zimbio.com,Female,221.207.29.177
645,Allin,Cubbon,acubbonhw@sitemeter.com,Genderfluid,166.32.191.208
646,Mariel,Tincey,mtinceyhx@time.com,Female,105.247.222.40
647,Simone,Bartoleyn,sbartoleynhy@csmonitor.com,Female,180.136.68.143
648,Jamey,MacColgan,jmaccolganhz@bandcamp.com,Male,167.199.32.82
649,Winna,MacFall,wmacfalli0@amazon.com,Female,10.221.238.142
650,Beatrice,Farris,bfarrisi1@smugmug.com,Female,22.130.209.106
651,Alister,Drewry,adrewryi2@state.tx.us,Male,176.229.150.24
652,Cherie,Mapowder,cmapowderi3@bbb.org,Female,179.33.167.121
653,Rochelle,Mapson,rmapsoni4@tiny.cc,Female,70.155.190.240
654,Rodolfo,Catcherside,rcatchersidei5@globo.com,Male,62.151.117.88
655,Lacee,Rowlstone,lrowlstonei6@gov.uk,Female,195.43.63.2
656,Vincenz,Parbrook,vparbrooki7@biblegateway.com,Male,241.255.105.4
657,Hollie,Waterfield,hwaterfieldi8@nsw.gov.au,Female,136.210.178.192
658,Gawain,Sinnie,gsinniei9@geocities.com,Male,119.174.178.109
659,Nestor,Stellin,nstellinia@fda.gov,Male,249.17.217.179
660,Demetre,Whittek,dwhittekib@e-recht24.de,Male,115.145.251.18
661,Lynn,Joseff,ljoseffic@simplemachines.org,Male,5.102.47.187
662,Gavan,Simonian,gsimonianid@t.co,Male,56.143.159.209
663,Dalis,Fick,dfickie@de.vu,Male,121.112.191.139
664,Waring,Sainer,wsainerif@yale.edu,Male,18.189.128.238
665,Colene,Deeprose,cdeeproseig@istockphoto.com,Female,173.249.142.160
666,Ronald,Enders,rendersih@twitter.com,Male,229.36.4.127
667,Saunder,Falloon,sfalloonii@ibm.com,Non-binary,128.49.96.29
668,Georgeanna,McGrath,gmcgrathij@tuttocitta.it,Female,85.30.81.177
669,Madeleine,Barbary,mbarbaryik@canalblog.com,Female,11.29.85.178
670,Gwenny,Cornillot,gcornillotil@netscape.com,Polygender,37.47.216.48
671,Lyell,Disley,ldisleyim@twitpic.com,Bigender,81.55.48.230
672,Anestassia,Maldin,amaldinin@webeden.co.uk,Female,218.32.9.226
673,Lulita,Annwyl,lannwylio@bbc.co.uk,Female,200.79.155.147
674,David,De Rye Barrett,dderyebarrettip@xinhuanet.com,Male,166.96.159.207
675,Kristyn,Fielder,kfielderiq@hubpages.com,Female,209.168.122.217
676,Hartley,Dodgshun,hdodgshunir@wufoo.com,Male,150.17.105.187
677,Daron,Fuller,dfulleris@smh.com.au,Female,121.61.230.237
678,Janel,Penketh,jpenkethit@time.com,Bigender,133.212.191.220
679,Meg,Croan,mcroaniu@statcounter.com,Female,46.244.252.69
680,Kristine,Tappington,ktappingtoniv@opensource.org,Female,45.235.41.1
681,Lilllie,Hounsom,lhounsomiw@hibu.com,Female,111.234.160.100
682,Cecelia,MacRirie,cmacririeix@cbc.ca,Female,136.123.153.245
683,Michal,Dowtry,mdowtryiy@gizmodo.com,Male,67.152.234.161
684,Terrie,Isaq,tisaqiz@artisteer.com,Female,46.32.11.4
685,Madelin,Lohden,mlohdenj0@youku.com,Female,245.252.232.218
686,Sayers,O'Driscole,sodriscolej1@sciencedaily.com,Male,196.98.144.2
687,Jean,Whitney,jwhitneyj2@usa.gov,Polygender,90.21.228.192
688,Cornie,Kynder,ckynderj3@sina.com.cn,Female,105.96.246.126
689,Munroe,Bernier,mbernierj4@ehow.com,Agender,86.182.135.93
690,Gerrie,Christoffersen,gchristoffersenj5@omniture.com,Male,64.201.149.252
691,Raina,Leander,rleanderj6@histats.com,Female,255.208.226.201
692,Vilhelmina,Scargle,vscarglej7@cdc.gov,Female,227.52.119.102
693,Fitzgerald,Lancaster,flancasterj8@chron.com,Male,242.35.128.167
694,Derek,Ekless,deklessj9@deviantart.com,Male,104.115.57.127
695,Rycca,Kerrigan,rkerriganja@live.com,Female,246.54.54.188
696,Gregoire,Zold,gzoldjb@reddit.com,Male,177.97.209.192
697,Vail,Hanaby,vhanabyjc@friendfeed.com,Male,1.162.0.14
698,Cammi,Canfield,ccanfieldjd@netvibes.com,Female,250.38.73.48
699,Jud,Leighton,jleightonje@booking.com,Male,110.16.219.255
700,Robbert,Cackett,rcackettjf@live.com,Male,1.165.252.154
701,Gabbi,Bamford,gbamfordjg@e-recht24.de,Female,189.24.19.81
702,Phyllis,Beadnall,pbeadnalljh@washington.edu,Female,166.190.190.240
703,Marijo,Budgett,mbudgettji@google.co.uk,Female,200.115.197.74
704,Cozmo,Meineking,cmeinekingjj@pen.io,Male,25.200.213.41
705,Thibaud,Barok,tbarokjk@java.com,Male,199.238.222.138
706,Lisbeth,Wickendon,lwickendonjl@discuz.net,Female,64.174.189.115
707,Valentine,Brooksbie,vbrooksbiejm@flavors.me,Female,158.52.130.103
708,Neddy,Teers,nteersjn@myspace.com,Male,136.215.94.16
709,Garnette,Fayter,gfayterjo@gov.uk,Female,192.204.246.161
710,Ashley,Rought,aroughtjp@amazonaws.com,Female,63.137.226.228
711,Lucas,Corrie,lcorriejq@webmd.com,Male,31.79.69.34
712,Merilyn,Izakoff,mizakoffjr@nasa.gov,Female,142.201.248.145
713,Jephthah,Hassey,jhasseyjs@github.com,Male,249.143.157.101
714,Isa,Mathewson,imathewsonjt@cnet.com,Female,6.41.126.248
715,Dolorita,Lydon,dlydonju@ca.gov,Agender,111.249.30.95
716,Kayley,Fouldes,kfouldesjv@walmart.com,Female,231.206.28.48
717,Emmi,Lodden,eloddenjw@nbcnews.com,Female,53.177.62.243
718,Jordan,Nucci,jnuccijx@ihg.com,Female,202.145.152.123
719,Belita,Gorini,bgorinijy@google.co.jp,Female,8.42.57.174
720,Koralle,Arias,kariasjz@altervista.org,Female,45.160.51.211
721,Judie,Jealous,jjealousk0@epa.gov,Female,159.12.125.12
722,Deedee,Togher,dtogherk1@fc2.com,Agender,32.59.61.159
723,Keir,Shotboulte,kshotboultek2@deviantart.com,Male,127.225.225.2
724,Selie,Evequot,sevequotk3@people.com.cn,Female,221.238.217.100
725,Gladi,Million,gmillionk4@gov.uk,Female,49.251.166.87
726,Torey,Whitby,twhitbyk5@mapy.cz,Female,126.30.6.92
727,Griff,Hebble,ghebblek6@bigcartel.com,Male,242.172.215.190
728,Cross,Shelley,cshelleyk7@gizmodo.com,Male,89.174.132.218
729,Fidelia,Littleover,flittleoverk8@pagesperso-orange.fr,Female,66.122.230.249
730,Wain,Rhule,wrhulek9@fastcompany.com,Male,68.200.174.193
731,Herold,Coventon,hcoventonka@blog.com,Male,172.35.155.218
732,Maureene,Towl,mtowlkb@discovery.com,Female,108.239.37.37
733,Brana,Esslemont,besslemontkc@studiopress.com,Female,164.14.210.200
734,Dimitry,Dunniom,ddunniomkd@loc.gov,Male,144.107.119.54
735,Ephraim,Sinderson,esindersonke@nbcnews.com,Male,68.95.61.70
736,Franklyn,Alty,faltykf@comcast.net,Agender,227.52.243.195
737,Muire,Coxon,mcoxonkg@sbwire.com,Female,198.182.134.229
738,Jacki,Bonnefin,jbonnefinkh@apple.com,Agender,217.30.139.31
739,Chad,Golborn,cgolbornki@phpbb.com,Male,31.141.220.194
740,Artair,Rontree,arontreekj@reddit.com,Male,192.22.50.197
741,Konrad,Burgne,kburgnekk@dropbox.com,Male,145.244.56.133
742,Carin,MacDermott,cmacdermottkl@dailymail.co.uk,Female,86.11.70.35
743,Mickie,Rogerson,mrogersonkm@qq.com,Female,201.46.92.150
744,Kacey,Hymor,khymorkn@blogspot.com,Female,223.87.34.33
745,Natal,Lattimore,nlattimoreko@constantcontact.com,Male,223.16.233.112
746,Auberta,Gagen,agagenkp@shutterfly.com,Female,49.193.21.202
747,Fifine,Shervil,fshervilkq@mayoclinic.com,Female,246.59.166.42
748,Kelcie,Tame,ktamekr@blogtalkradio.com,Female,248.148.169.252
749,Marie,McConnel,mmcconnelks@columbia.edu,Female,55.225.105.246
750,Titos,Churm,tchurmkt@oracle.com,Male,101.209.67.134
751,Cornelius,Gilleon,cgilleonku@taobao.com,Male,242.178.157.59
752,Brinn,Illsley,billsleykv@theglobeandmail.com,Female,80.207.176.233
753,Sisely,Scarff,sscarffkw@bloglines.com,Female,86.58.139.56
754,Dolorita,McKain,dmckainkx@scientificamerican.com,Female,195.26.141.80
755,Laryssa,Rosenbarg,lrosenbargky@arizona.edu,Female,128.231.21.176
756,Gabie,Riggert,griggertkz@mapquest.com,Female,64.250.208.219
757,Lucho,Tindle,ltindlel0@icio.us,Male,154.228.39.123
758,Ina,Leele,ileelel1@xinhuanet.com,Female,144.141.99.143
759,Rabbi,Lyokhin,rlyokhinl2@imgur.com,Male,155.24.226.245
760,Heath,Wixon,hwixonl3@blogspot.com,Female,213.27.156.25
761,Abdul,Wellbeloved,awellbelovedl4@youtu.be,Male,166.131.71.255
762,Renata,Hiddersley,rhiddersleyl5@hexun.com,Female,144.213.202.42
763,Melanie,Moodie,mmoodiel6@netscape.com,Agender,226.148.84.85
764,Carole,Lapidus,clapidusl7@scientificamerican.com,Female,63.194.148.101
765,Lorraine,Divall,ldivalll8@issuu.com,Female,18.210.175.229
766,Traci,Skellorne,tskellornel9@nih.gov,Female,167.228.105.184
767,Andriette,Gheeraert,agheeraertla@cdbaby.com,Female,2.43.37.11
768,Bertha,Blazek,bblazeklb@europa.eu,Female,203.250.73.247
769,Jeno,Gentle,jgentlelc@blogspot.com,Male,95.254.184.238
770,Stanton,Orman,sormanld@bluehost.com,Male,36.19.246.42
771,Adler,Sidney,asidneyle@acquirethisname.com,Bigender,92.175.180.150
772,Rani,Gillbee,rgillbeelf@parallels.com,Female,166.27.250.101
773,Thoma,Willeson,twillesonlg@japanpost.jp,Male,127.64.36.169
774,Duffie,Jeynes,djeyneslh@wp.com,Male,156.118.217.9
775,Fairfax,Anetts,fanettsli@slashdot.org,Male,176.149.20.132
776,Josefina,Cromleholme,jcromleholmelj@omniture.com,Female,130.151.3.198
777,Sansone,Cuel,scuellk@auda.org.au,Male,243.188.185.121
778,Corbie,Croisier,ccroisierll@telegraph.co.uk,Male,27.254.30.38
779,Carmelia,Robez,crobezlm@netvibes.com,Female,21.115.194.34
780,Mireille,Iannuzzi,miannuzziln@youku.com,Female,92.198.225.131
781,Kyrstin,M'Barron,kmbarronlo@tripadvisor.com,Female,150.236.167.30
782,Kimberley,Chafney,kchafneylp@sohu.com,Female,155.3.117.126
783,Mary,Boulder,mboulderlq@cam.ac.uk,Female,32.248.237.209
784,Radcliffe,McCaskell,rmccaskelllr@nhs.uk,Male,90.184.135.108
785,Shayne,Zarfat,szarfatls@aol.com,Female,70.201.6.176
786,Genia,Bulcroft,gbulcroftlt@angelfire.com,Female,251.1.180.166
787,Efrem,Dickman,edickmanlu@ow.ly,Male,80.4.40.170
788,Gayla,Sibbit,gsibbitlv@gov.uk,Female,115.57.206.65
789,Filippa,Legon,flegonlw@dmoz.org,Female,106.44.172.233
790,Zacharie,Boltwood,zboltwoodlx@wix.com,Male,133.55.29.243
791,Odey,Garshore,ogarshorely@marketwatch.com,Male,49.110.219.157
792,Rosanna,Craufurd,rcraufurdlz@marriott.com,Female,161.75.248.188
793,Wynne,Spata,wspatam0@sina.com.cn,Agender,45.201.69.69
794,Kyle,Cauldfield,kcauldfieldm1@independent.co.uk,Male,240.187.55.118
795,Martguerita,Ackery,mackerym2@scribd.com,Female,166.45.117.16
796,Alanah,Iannetti,aiannettim3@ted.com,Female,3.56.140.210
797,Wilek,Tyt,wtytm4@about.me,Male,209.2.88.254
798,Benetta,Circuitt,bcircuittm5@miitbeian.gov.cn,Female,107.14.96.95
799,Guss,Escott,gescottm6@howstuffworks.com,Male,169.2.199.110
800,Costa,Maunsell,cmaunsellm7@fastcompany.com,Male,148.2.113.155
801,Ardelis,Jakoubec,ajakoubecm8@sitemeter.com,Female,56.35.9.0
802,Wilmer,Heersema,wheersemam9@blog.com,Male,110.195.19.80
803,Jonell,Gabbetis,jgabbetisma@1und1.de,Female,78.113.76.60
804,Adrien,Yakushkev,ayakushkevmb@friendfeed.com,Male,220.250.14.182
805,Laurene,Dyson,ldysonmc@slideshare.net,Female,208.8.36.219
806,Carlynne,Udall,cudallmd@xinhuanet.com,Female,34.165.146.226
807,Vinnie,Elford,velfordme@amazon.co.uk,Female,220.241.250.88
808,Everett,Pinnocke,epinnockemf@tuttocitta.it,Male,65.48.41.180
809,Gram,Synder,gsyndermg@spotify.com,Male,188.176.182.106
810,Alva,Boards,aboardsmh@photobucket.com,Male,206.22.45.26
811,Dredi,Pauli,dpaulimi@jugem.jp,Female,144.115.106.92
812,Elroy,Dodle,edodlemj@mapquest.com,Male,160.64.159.202
813,Marji,Rathbone,mrathbonemk@va.gov,Female,61.60.42.104
814,Ailis,Barter,abarterml@51.la,Female,79.110.93.120
815,Aksel,Bockmann,abockmannmm@washington.edu,Male,68.12.214.22
816,Leicester,Balle,lballemn@zdnet.com,Male,43.27.210.52
817,Florry,Campanelli,fcampanellimo@google.fr,Female,232.157.2.211
818,Berkie,Bartalot,bbartalotmp@nytimes.com,Male,13.230.49.34
819,Jade,MacGeffen,jmacgeffenmq@about.com,Female,38.103.109.220
820,Retha,Gillott,rgillottmr@imdb.com,Agender,63.163.225.116
821,Theobald,Allmark,tallmarkms@deliciousdays.com,Male,162.238.88.148
822,Joe,Wescott,jwescottmt@oracle.com,Male,7.171.59.54
823,Kristan,Chin,kchinmu@spiegel.de,Female,146.70.146.88
824,Judd,Harryman,jharrymanmv@timesonline.co.uk,Male,104.171.3.32
825,Lanette,Northleigh,lnorthleighmw@bloglines.com,Female,129.214.188.148
826,Eben,Gasnoll,egasnollmx@go.com,Male,50.140.85.242
827,Honey,Lodford,hlodfordmy@free.fr,Female,233.176.243.204
828,Hilarius,Guidelli,hguidellimz@com.com,Male,1.157.218.137
829,Delora,Korda,dkordan0@wikipedia.org,Female,175.173.186.215
830,Chastity,Sawforde,csawforden1@vistaprint.com,Female,102.87.78.205
831,Sanford,Bourdis,sbourdisn2@seesaa.net,Male,68.201.56.47
832,Preston,Lukacs,plukacsn3@bloglovin.com,Male,32.228.97.239
833,Sayer,Dametti,sdamettin4@oakley.com,Male,221.131.178.159
834,Colan,Calver,ccalvern5@vkontakte.ru,Male,29.59.209.48
835,Svend,Hamill,shamilln6@freewebs.com,Male,15.206.75.41
836,Libbie,Pettigree,lpettigreen7@xinhuanet.com,Female,254.54.174.201
837,Carena,Jakov,cjakovn8@tiny.cc,Female,171.188.215.40
838,Devonna,Dreghorn,ddreghornn9@omniture.com,Female,159.233.1.64
839,Rosemary,Driver,rdriverna@goodreads.com,Female,231.179.250.208
840,Malinda,Sambals,msambalsnb@bloglovin.com,Female,219.117.250.113
841,Teresita,Verissimo,tverissimonc@ca.gov,Female,220.120.118.12
842,Daryl,Picknett,dpicknettnd@cocolog-nifty.com,Male,158.63.245.199
843,Angeline,Crone,acronene@desdev.cn,Female,165.17.163.35
844,Jamison,Eskrigge,jeskriggenf@dion.ne.jp,Genderfluid,11.58.76.175
845,Iorgo,Wethered,iwetheredng@google.com.au,Male,20.9.163.185
846,Jules,Birney,jbirneynh@businesswire.com,Male,12.39.126.58
847,Milka,Chansonnau,mchansonnauni@paypal.com,Female,229.135.192.179
848,Hayden,Clampin,hclampinnj@infoseek.co.jp,Male,83.234.250.71
849,Stewart,McGurn,smcgurnnk@columbia.edu,Male,174.2.143.190
850,Jefferson,Fairey,jfaireynl@photobucket.com,Male,113.2.140.15
851,Neel,Binestead,nbinesteadnm@bloglines.com,Male,184.152.25.205
852,Mirabel,Wynne,mwynnenn@slate.com,Female,83.136.93.56
853,Avis,Pideon,apideonno@webeden.co.uk,Female,190.101.99.124
854,Janela,Easter,jeasternp@oaic.gov.au,Female,12.44.253.253
855,Sonni,Lawling,slawlingnq@lulu.com,Female,206.19.111.56
856,Meier,Braiden,mbraidennr@weather.com,Male,128.85.126.114
857,Howey,Coudray,hcoudrayns@hud.gov,Male,220.128.82.105
858,Bobbe,Rutherford,brutherfordnt@livejournal.com,Female,232.168.113.174
859,Gino,Tunniclisse,gtunniclissenu@t-online.de,Male,188.62.73.164
860,Phip,Hlavecek,phlaveceknv@google.de,Male,66.222.137.3
861,Cortie,Rennix,crennixnw@eventbrite.com,Male,104.64.81.99
862,Hildagarde,Dickons,hdickonsnx@ustream.tv,Female,81.198.43.199
863,Gerti,Smoote,gsmooteny@booking.com,Female,48.81.143.50
864,Ciel,Vanichev,cvanichevnz@stumbleupon.com,Female,137.224.209.80
865,Thelma,Fludgate,tfludgateo0@japanpost.jp,Female,156.168.246.81
866,Georgianna,Bugby,gbugbyo1@hexun.com,Non-binary,93.91.225.109
867,Jemimah,Daymond,jdaymondo2@xrea.com,Female,214.55.36.45
868,Lindsy,Mcsarry,lmcsarryo3@xinhuanet.com,Female,46.49.13.245
869,Addy,Willgrass,awillgrasso4@creativecommons.org,Male,233.197.59.243
870,Delila,Haverty,dhavertyo5@harvard.edu,Female,115.110.41.155
871,Georges,Burleton,gburletono6@elegantthemes.com,Male,181.251.206.189
872,Madelin,Gurry,mgurryo7@boston.com,Female,183.5.144.51
873,Onofredo,Covolini,ocovolinio8@altervista.org,Male,42.197.0.13
874,Glori,Oguz,goguzo9@vimeo.com,Female,136.234.209.88
875,Mickie,Knowler,mknowleroa@hibu.com,Male,172.157.247.191
876,Frederick,Hischke,fhischkeob@nature.com,Male,128.48.253.253
877,Olimpia,Mennear,omennearoc@ucoz.com,Female,5.18.182.201
878,Kienan,Hullyer,khullyerod@reverbnation.com,Male,239.94.187.251
879,Brien,Ashard,bashardoe@lulu.com,Male,234.224.27.132
880,Edita,Fortun,efortunof@phoca.cz,Female,91.185.126.85
881,Velma,Geal,vgealog@huffingtonpost.com,Female,36.197.96.148
882,Jakie,Townby,jtownbyoh@opensource.org,Male,60.106.25.162
883,Hillie,Tinmouth,htinmouthoi@xrea.com,Male,105.81.214.71
884,Win,Cryer,wcryeroj@i2i.jp,Male,150.152.45.227
885,Floris,Selwood,fselwoodok@sogou.com,Female,90.2.107.179
886,Bondon,Brennenstuhl,bbrennenstuhlol@whitehouse.gov,Male,103.67.141.87
887,Dilly,Gair,dgairom@opensource.org,Bigender,121.3.170.96
888,Kimmy,Bardwall,kbardwallon@google.ca,Female,183.142.29.163
889,Ardra,Antonov,aantonovoo@answers.com,Non-binary,117.208.231.215
890,Ranique,McGrouther,rmcgroutherop@zdnet.com,Female,222.180.205.36
891,Bryn,Perford,bperfordoq@smugmug.com,Male,114.24.220.240
892,Mathilde,Barnewell,mbarnewellor@istockphoto.com,Female,83.67.1.132
893,Ryon,Rugg,rruggos@kickstarter.com,Male,199.7.57.255
894,Alfons,Vairow,avairowot@storify.com,Male,172.33.120.229
895,Amelia,Dixsee,adixseeou@google.de,Female,216.201.13.44
896,Biron,Downgate,bdowngateov@nps.gov,Male,180.53.232.231
897,Corabella,Gynni,cgynniow@paypal.com,Female,48.139.136.123
898,Maribeth,Covotto,mcovottoox@uiuc.edu,Female,107.197.177.40
899,Gene,Jemmison,gjemmisonoy@slashdot.org,Male,199.187.233.137
900,Tuck,Briance,tbrianceoz@jugem.jp,Non-binary,18.36.186.254
901,Nichole,Duester,nduesterp0@networksolutions.com,Female,17.190.186.153
902,Fernanda,Lapere,flaperep1@comsenz.com,Female,106.0.234.134
903,Risa,Getcliff,rgetcliffp2@topsy.com,Female,234.85.162.184
904,Durant,McMains,dmcmainsp3@icio.us,Male,123.17.187.241
905,Derby,Braddick,dbraddickp4@skype.com,Male,198.221.44.45
906,Burtie,Thecham,bthechamp5@state.tx.us,Male,157.220.49.93
907,Frasco,Hawkwood,fhawkwoodp6@howstuffworks.com,Male,93.247.154.217
908,Lucais,Lanchbery,llanchberyp7@harvard.edu,Male,72.234.13.37
909,Fraser,Carme,fcarmep8@prweb.com,Male,119.57.214.233
910,Richart,Macbane,rmacbanep9@howstuffworks.com,Male,233.49.47.209
911,Siffre,McTerlagh,smcterlaghpa@istockphoto.com,Male,69.149.159.140
912,Jarvis,Middlewick,jmiddlewickpb@wisc.edu,Male,80.136.162.50
913,Alameda,McCauley,amccauleypc@yandex.ru,Female,22.87.132.99
914,Jillian,Lacasa,jlacasapd@artisteer.com,Female,167.176.251.138
915,Danit,Veltman,dveltmanpe@myspace.com,Female,207.241.158.178
916,Karlan,Jacobbe,kjacobbepf@clickbank.net,Male,144.154.167.105
917,Henrik,Giampietro,hgiampietropg@delicious.com,Male,224.254.240.188
918,Claire,Bras,cbrasph@tuttocitta.it,Female,207.233.226.232
919,Horatia,Jerrold,hjerroldpi@reuters.com,Female,8.49.225.51
920,Woodie,Hodinton,whodintonpj@skyrock.com,Male,92.99.202.112
921,Odelia,Mordey,omordeypk@booking.com,Female,171.161.114.69
922,Michal,Scouller,mscoullerpl@scribd.com,Polygender,224.30.115.234
923,Gustavus,Valentine,gvalentinepm@yahoo.com,Male,154.21.85.184
924,Byron,Cheers,bcheerspn@mapy.cz,Male,4.10.251.157
925,Arman,Keeley,akeeleypo@usnews.com,Male,128.114.243.53
926,Ab,Meiklem,ameiklempp@apache.org,Male,171.216.25.169
927,Suzanne,Cawthera,scawtherapq@delicious.com,Female,163.173.147.131
928,Shandy,Steanson,ssteansonpr@google.com.br,Female,206.173.147.57
929,Stanfield,Metham,smethamps@xinhuanet.com,Male,84.100.240.193
930,Base,Grunson,bgrunsonpt@mail.ru,Male,37.254.80.28
931,Alonzo,Leftwich,aleftwichpu@yahoo.com,Male,177.78.204.81
932,Jinny,Scowen,jscowenpv@google.com.br,Genderqueer,66.244.131.172
933,Perri,Kellick,pkellickpw@google.com.br,Genderfluid,154.214.78.103
934,Vanya,Applewhaite,vapplewhaitepx@fastcompany.com,Female,195.59.140.106
935,Jessie,Allen,jallenpy@tinyurl.com,Male,114.210.79.161
936,Viola,Woodward,vwoodwardpz@bandcamp.com,Female,220.232.156.122
937,Akim,Finnan,afinnanq0@ow.ly,Male,74.166.225.47
938,Cal,Kither,ckitherq1@microsoft.com,Male,210.50.190.85
939,Gaile,Shurrock,gshurrockq2@barnesandnoble.com,Male,116.231.36.52
940,Prissie,Lorrimer,plorrimerq3@narod.ru,Female,212.247.227.194
941,Harrie,Bolderstone,hbolderstoneq4@xing.com,Female,156.22.10.68
942,Dani,Drewery,ddreweryq5@macromedia.com,Female,132.78.149.102
943,Bryanty,Greatrex,bgreatrexq6@archive.org,Male,19.139.103.170
944,Kelcey,Constant,kconstantq7@tripod.com,Female,162.32.105.205
945,Kirby,Oscroft,koscroftq8@symantec.com,Female,42.200.159.218
946,Tiffie,Gurton,tgurtonq9@behance.net,Female,59.230.28.129
947,Cyndia,Yarrall,cyarrallqa@sfgate.com,Female,160.27.15.35
948,Clayborn,Whatley,cwhatleyqb@alibaba.com,Male,217.3.169.239
949,Aline,Faragan,afaraganqc@washington.edu,Female,193.150.35.208
950,Tybi,Print,tprintqd@jalbum.net,Female,170.168.230.103
951,Remus,Ranstead,rransteadqe@wikispaces.com,Male,61.19.8.38
952,Lemmy,Bauduin,lbauduinqf@amazonaws.com,Genderqueer,109.162.32.217
953,Fabio,Bedlington,fbedlingtonqg@vistaprint.com,Male,93.255.105.204
954,Karissa,Casillas,kcasillasqh@mediafire.com,Female,41.104.90.220
955,Shirl,Cashman,scashmanqi@miitbeian.gov.cn,Female,197.253.161.94
956,Aline,Loftus,aloftusqj@stumbleupon.com,Female,58.166.164.198
957,Lianne,Chstney,lchstneyqk@auda.org.au,Female,11.66.81.111
958,Dorene,Calf,dcalfql@e-recht24.de,Female,13.99.14.209
959,Esme,Wolfenden,ewolfendenqm@ameblo.jp,Male,65.33.101.44
960,Jody,Meus,jmeusqn@auda.org.au,Genderqueer,224.153.170.138
961,Aldridge,Mora,amoraqo@marriott.com,Male,248.128.53.77
962,Lanie,Golborne,lgolborneqp@ucoz.com,Male,36.51.121.77
963,Donaugh,Banbrick,dbanbrickqq@un.org,Male,224.159.183.227
964,Hart,Gascoigne,hgascoigneqr@spiegel.de,Male,0.153.40.133
965,Feliks,Sibary,fsibaryqs@epa.gov,Male,196.104.36.156
966,Currey,Beszant,cbeszantqt@utexas.edu,Male,69.199.70.141
967,Waylin,Fishbourn,wfishbournqu@weibo.com,Male,202.102.235.189
968,Hallie,Faux,hfauxqv@issuu.com,Female,189.201.78.175
969,Dilly,Spadotto,dspadottoqw@studiopress.com,Agender,139.223.87.117
970,Syman,Kiloh,skilohqx@berkeley.edu,Male,175.216.60.45
971,Grace,Matchitt,gmatchittqy@arizona.edu,Male,114.245.27.243
972,Hy,Nizard,hnizardqz@scribd.com,Male,128.231.125.196
973,Freddy,Howman,fhowmanr0@moonfruit.com,Agender,52.8.20.169
974,Trumaine,Poulston,tpoulstonr1@japanpost.jp,Male,32.180.140.55
975,Idalia,Aylmore,iaylmorer2@fotki.com,Female,134.203.176.66
976,Shep,Coltherd,scoltherdr3@cisco.com,Male,91.82.182.215
977,Griz,McDavid,gmcdavidr4@stumbleupon.com,Bigender,32.230.151.76
978,Todd,Guilliatt,tguilliattr5@webmd.com,Male,42.255.201.94
979,Jefferson,Habbema,jhabbemar6@scribd.com,Polygender,92.24.53.61
980,Allix,Persence,apersencer7@ted.com,Female,235.165.61.45
981,Darelle,Laba,dlabar8@cnbc.com,Female,55.4.16.88
982,Porter,Patriskson,ppatrisksonr9@google.com.br,Male,232.212.92.98
983,Humfried,Carmo,hcarmora@list-manage.com,Genderqueer,56.229.23.93
984,Adrian,Elbourne,aelbournerb@sun.com,Male,15.16.61.187
985,Ericka,Besque,ebesquerc@yellowbook.com,Female,206.79.210.55
986,Linette,Bosher,lbosherrd@indiatimes.com,Female,91.247.92.43
987,Garrott,Kardos,gkardosre@facebook.com,Male,181.104.134.116
988,Yolanda,Gabbett,ygabbettrf@jigsy.com,Bigender,43.132.203.153
989,Marianna,Branni,mbrannirg@chronoengine.com,Polygender,162.255.211.176
990,Sloan,Gilluley,sgilluleyrh@blogs.com,Male,190.60.12.16
991,Keely,Caile,kcaileri@sciencedaily.com,Female,60.49.40.83
992,Dorene,Ganford,dganfordrj@hud.gov,Bigender,40.67.179.93
993,Vikky,Shurman,vshurmanrk@a8.net,Female,131.41.85.203
994,Dickie,Petersen,dpetersenrl@digg.com,Male,242.134.51.125
995,Bonnibelle,Collough,bcolloughrm@google.fr,Non-binary,149.34.239.31
996,Kalila,Frankema,kfrankemarn@chronoengine.com,Female,3.176.5.158
997,Marney,Twigg,mtwiggro@photobucket.com,Female,44.153.52.250
998,Giff,McOrkill,gmcorkillrp@wikipedia.org,Male,170.223.134.232
999,Mathian,Condie,mcondierq@free.fr,Male,140.150.190.136
1000,Sandy,Olekhov,solekhovrr@artisteer.com,Female,52.188.241.218
